<?xml version="1.0" encoding="UTF-8" ?>
        <!DOCTYPE mapper
                PUBLIC "-//mybatis.org//DTD Mapper 3.0//EN"
                "http://mybatis.org/dtd/mybatis-3-mapper.dtd">
<mapper namespace="com.fan.mapper.GoodMapper">
    <insert id="addgood" parameterType="Good">
        insert into goods(good_status,good_category,good_name,good_describe,good_price,good_count,good_create,good_p1,good_p2,good_p3,user_id)
        values(#{good_status},#{good_category},#{good_name},#{good_describe},#{good_price},#{good_count},#{good_create},#{good_p1},#{good_p2},#{good_p3},#{user_id})
    </insert>
    <select id="getGoodListByStatus" resultType="Good">
        select * from goods where good_status = #{status}
    </select>
    <update id="changeGoodStatus" >
        update goods set good_status = #{status} where good_id =#{good_id}
    </update>
    <select id="getGoodByCategoryAndStatus" resultType="Good">
        select * from goods where good_status=#{status}
        and good_count > 0
        <if test="category!='all'">
        and good_category=#{category}
        </if>
    </select>
    <select id="getGoodById" resultType="Good">
        select * from goods where good_id=#{id}
    </select>
    <update id="setGoodCount">
        update goods set good_count = #{count} where good_id=#{id}
    </update>
    <select id="getGoodCount" resultType="int">
        select good_count from goods where good_id = #{id}
    </select>
    <select id="getGoodListAllByUserId" resultType="Good">
        select * from goods where user_id=#{userId}
    </select>
    <select id="getGoodByQuery" resultType="Good">
        select * from goods where good_status=#{status} and good_count > 0  and good_describe like #{queryStr}
    </select>
</mapper>