<?xml version="1.0" encoding="UTF-8" ?>
<!DOCTYPE mapper
        PUBLIC "-//mybatis.org//DTD Mapper 3.0//EN"
        "http://mybatis.org/dtd/mybatis-3-mapper.dtd">
<mapper namespace="com.fan.mapper.OrderMapper">
    <insert id="createOrder" parameterType="CreateOrderPojo">
        insert into orders(user_id,good_id,good_count,order_createdate,order_status)values (#{user_id},#{good_id},#{good_count},#{order_createdate},'0')
    </insert>
    <select id="getOrderListById" resultType="Order">
        select * from orders
        <where>
            <if test="id!=null">
                user_id=#{id}
            </if>
        </where>
    </select>
    <update id="changeOrderStatus">
        update orders set order_status = #{status} where order_id = #{id}
    </update>
    <update id="payOrder">
        update  orders set order_status='1',order_paydate=#{date} where order_id = #{id}
    </update>
    <update id="toExchange">
        update  orders set order_status='2',order_exchangedate=#{date} where order_id = #{id}
    </update>
    <update id="leaveExchange">
        update  orders set order_status='3',order_change=#{date} where order_id = #{id}
    </update>
    <update id="finishOrder">
        update  orders set order_status='4',order_finish=#{date} where order_id = #{id}
    </update>
    <select id="getOrderByOrderId" resultType="Order">
        select * from orders where order_id =#{oderId}
    </select>
</mapper>