<?xml version="1.0" encoding="UTF-8" ?>
<!DOCTYPE mapper
        PUBLIC "-//mybatis.org//DTD Mapper 3.0//EN"
        "http://mybatis.org/dtd/mybatis-3-mapper.dtd">
<mapper namespace="com.fan.mapper.UserInfoMapper">
    <insert id="insertInit" parameterType="UserInfo">
        insert into  user_info (username,password,mail,enroll_date,update_date)
        values (#{username},#{password},#{mail},#{enroll_date},#{update_date})
    </insert>

    <select id="getUserByName" resultType="UserInfo">
        select  * from user_info where  username=#{username}
    </select>
    <select id="queryAll" resultType="UserInfo">
        select * from user_info limit #{index},#{pageSize}
    </select>
    <select id="login" resultType="UserInfo">
        select * from user_info where  username=#{username} and password=#{password}
    </select>
    <update id="changeStatus"  >
        UPDATE user_info SET status=#{status} WHERE id=#{id};
    </update>
    <delete id="deleteUser">
        delete  from  user_info where id=#{id}
    </delete>
    <select id="countAll" resultType="int" >
    select count(id) from user_info
    </select>
    <select id="getUserById" resultType="UserInfo">
        select * from user_info where id=#{id}
    </select>
    <select id="getUserIdByName" resultType="Integer">
        select id from user_info where username=#{username}
    </select>
    <update id="changePasswordById" parameterType="ChangePassword">
        UPDATE user_info SET password=#{password} WHERE id=#{id};
    </update>
</mapper>